{
    "rmse": 0.7096386455191847,
    "mae": 0.5540865743742255,
    "r2": 0.257417356989727
}